<?xml version="1.0" encoding="UTF-8" standalone="yes"?>
<addon id="plugin.video.redlettermedia"
       name="Red Letter Media"
       version="0.9.1"
       provider-name="Eldorado">
  <requires>
    <import addon="xbmc.python" version="2.1.0"/>
    <import addon="script.module.urlresolver"/>
    <import addon="script.module.addon.common" version="1.0.0"/>
    <import addon="script.module.elementtree"/>
  </requires>
  <extension point="xbmc.python.pluginsource" library="default.py">
        <provides>video</provides>
  </extension>
  <extension point="xbmc.addon.metadata">
    <summary lang="en"></summary>
    <description lang="en">Watch the infamous Harry Plinkett movie reviews as well as regular movie review show Half In The Bag and Best of the Worst.
    	
    	Please visit official site http://www.redlettermedia.com</description>
    <platform>all</platform>
  </extension>
</addon>
