<?xml version="1.0" encoding="UTF-8" standalone="yes"?>
<addon id="plugin.video.redlettermedia"
       name="Red Letter Media"
       version="0.1.1"
       provider-name="Eldorado">
  <requires>
    <import addon="xbmc.python" version="2.0"/>
    <import addon="script.module.urlresolver"/>
    <import addon="script.module.t0mm0.common" version="1.0.0"/>
    <import addon="script.module.elementtree"/>
  </requires>
  <extension point="xbmc.python.pluginsource" library="default.py">
        <provides>video</provides>
  </extension>
  <extension point="xbmc.addon.metadata">
    <summary lang="en"></summary>
    <description lang="en">Watch the infamous Harry Plinkett movie reviews as well as regular movie review show Half In The Bag</description>
    <platform>all</platform>
  </extension>
</addon>
