<?xml version="1.0" encoding="UTF-8" standalone="yes"?>
<addon id="plugin.video.tgun"
       name="The GiddyUp Network"
       version="0.0.22"
       provider-name="Eldorado">
  <requires>
    <import addon="xbmc.python" version="2.0"/>
    <import addon="script.module.t0mm0.common" version="1.0.0"/>
  </requires>
  <extension point="xbmc.python.pluginsource" library="default.py">
        <provides>video</provides>
  </extension>
  <extension point="xbmc.addon.metadata">
    <summary lang="en"></summary>
    <description lang="en">Visit www.xbmchub.com for support.
        
Watch all your favorite TV Shows and Movies streamed on constant repeat 24/7 from The Giddy Up Network - www.tgun.tv </description>
    <platform>all</platform>
  </extension>
</addon>
